Channel,Region,Category,Value
2,3,Fresh,12669
2,3,Fresh,7057
2,3,Fresh,6353
1,3,Fresh,13265
2,3,Fresh,22615
2,3,Fresh,9413
2,3,Fresh,12126
2,3,Fresh,7579
1,3,Fresh,5963
2,3,Fresh,6006
2,3,Fresh,3366
2,3,Fresh,13146
2,3,Fresh,31714
2,3,Fresh,21217
2,3,Fresh,24653
1,3,Fresh,10253
2,3,Fresh,1020
1,3,Fresh,5876
2,3,Fresh,18601
1,3,Fresh,7780
2,3,Fresh,17546
1,3,Fresh,5567
1,3,Fresh,31276
2,3,Fresh,26373
2,3,Fresh,22647
2,3,Fresh,16165
1,3,Fresh,9898
1,3,Fresh,14276
2,3,Fresh,4113
1,3,Fresh,43088
1,3,Fresh,18815
1,3,Fresh,2612
1,3,Fresh,21632
1,3,Fresh,29729
1,3,Fresh,1502
2,3,Fresh,688
1,3,Fresh,29955
2,3,Fresh,15168
2,3,Fresh,4591
1,3,Fresh,56159
1,3,Fresh,24025
1,3,Fresh,19176
2,3,Fresh,10850
2,3,Fresh,630
2,3,Fresh,9670
2,3,Fresh,5181
2,3,Fresh,3103
2,3,Fresh,44466
2,3,Fresh,11519
2,3,Fresh,4967
1,3,Fresh,6269
1,3,Fresh,3347
2,3,Fresh,40721
2,3,Fresh,491
1,3,Fresh,27329
1,3,Fresh,5264
2,3,Fresh,4098
2,3,Fresh,5417
1,3,Fresh,13779
1,3,Fresh,6137
2,3,Fresh,8590
2,3,Fresh,35942
2,3,Fresh,7823
2,3,Fresh,9396
1,3,Fresh,4760
2,3,Fresh,85
1,3,Fresh,9
2,3,Fresh,19913
1,3,Fresh,2446
1,3,Fresh,8352
1,3,Fresh,16705
1,3,Fresh,18291
1,3,Fresh,4420
2,3,Fresh,19899
2,3,Fresh,8190
1,3,Fresh,20398
1,3,Fresh,717
2,3,Fresh,12205
1,3,Fresh,10766
1,3,Fresh,1640
1,3,Fresh,7005
2,3,Fresh,219
2,3,Fresh,10362
1,3,Fresh,20874
2,3,Fresh,11867
2,3,Fresh,16117
2,3,Fresh,22925
1,3,Fresh,43265
1,3,Fresh,7864
1,3,Fresh,24904
1,3,Fresh,11405
1,3,Fresh,12754
2,3,Fresh,9198
1,3,Fresh,11314
2,3,Fresh,5626
1,3,Fresh,3
2,3,Fresh,23
1,3,Fresh,403
1,3,Fresh,503
1,3,Fresh,9658
2,3,Fresh,11594
2,3,Fresh,1420
2,3,Fresh,2932
1,3,Fresh,56082
1,3,Fresh,14100
1,3,Fresh,15587
2,3,Fresh,1454
2,3,Fresh,8797
2,3,Fresh,1531
2,3,Fresh,1406
1,3,Fresh,11818
2,3,Fresh,12579
1,3,Fresh,19046
1,3,Fresh,14438
1,3,Fresh,18044
1,3,Fresh,11134
1,3,Fresh,11173
1,3,Fresh,6990
1,3,Fresh,20049
1,3,Fresh,8258
1,3,Fresh,17160
1,3,Fresh,4020
1,3,Fresh,12212
2,3,Fresh,11170
1,3,Fresh,36050
1,3,Fresh,76237
1,3,Fresh,19219
2,3,Fresh,21465
1,3,Fresh,140
1,3,Fresh,42312
1,3,Fresh,7149
1,3,Fresh,2101
1,3,Fresh,14903
1,3,Fresh,9434
1,3,Fresh,7388
1,3,Fresh,6300
1,3,Fresh,4625
1,3,Fresh,3087
1,3,Fresh,13537
1,3,Fresh,5387
1,3,Fresh,17623
1,3,Fresh,30379
1,3,Fresh,37036
1,3,Fresh,10405
1,3,Fresh,18827
2,3,Fresh,22039
1,3,Fresh,7769
1,3,Fresh,9203
1,3,Fresh,5924
1,3,Fresh,31812
1,3,Fresh,16225
1,3,Fresh,1289
1,3,Fresh,18840
1,3,Fresh,3463
1,3,Fresh,622
2,3,Fresh,1989
2,3,Fresh,3830
1,3,Fresh,17773
2,3,Fresh,2861
2,3,Fresh,355
2,3,Fresh,1725
1,3,Fresh,12434
1,3,Fresh,15177
2,3,Fresh,5531
2,3,Fresh,5224
2,3,Fresh,15615
2,3,Fresh,4822
1,3,Fresh,2926
1,3,Fresh,5809
1,3,Fresh,5414
2,3,Fresh,260
2,3,Fresh,200
1,3,Fresh,955
2,3,Fresh,514
1,3,Fresh,286
2,3,Fresh,2343
1,3,Fresh,45640
1,3,Fresh,12759
1,3,Fresh,11002
1,3,Fresh,3157
1,3,Fresh,12356
1,3,Fresh,112151
1,3,Fresh,694
1,3,Fresh,36847
1,3,Fresh,327
1,3,Fresh,8170
1,3,Fresh,3009
1,3,Fresh,2438
2,3,Fresh,8040
2,3,Fresh,834
1,3,Fresh,16936
1,3,Fresh,13624
1,3,Fresh,5509
2,3,Fresh,180
1,3,Fresh,7107
1,3,Fresh,17023
1,1,Fresh,30624
2,1,Fresh,2427
1,1,Fresh,11686
1,1,Fresh,9670
2,1,Fresh,3067
2,1,Fresh,4484
1,1,Fresh,25203
1,1,Fresh,583
1,1,Fresh,1956
2,1,Fresh,1107
1,1,Fresh,6373
2,1,Fresh,2541
1,1,Fresh,1537
2,1,Fresh,5550
1,1,Fresh,18567
2,1,Fresh,12119
1,1,Fresh,7291
1,1,Fresh,3317
2,1,Fresh,2362
1,1,Fresh,2806
2,1,Fresh,2532
1,1,Fresh,18044
2,1,Fresh,18
1,1,Fresh,4155
1,1,Fresh,14755
1,1,Fresh,5396
1,1,Fresh,5041
2,1,Fresh,2790
1,1,Fresh,7274
1,1,Fresh,12680
2,1,Fresh,20782
1,1,Fresh,4042
1,1,Fresh,1869
1,1,Fresh,8656
2,1,Fresh,11072
1,1,Fresh,2344
1,1,Fresh,25962
1,1,Fresh,964
1,1,Fresh,15603
1,1,Fresh,1838
1,1,Fresh,8635
1,1,Fresh,18692
1,1,Fresh,7363
1,1,Fresh,47493
1,1,Fresh,22096
1,1,Fresh,24929
1,1,Fresh,18226
1,1,Fresh,11210
1,1,Fresh,6202
2,1,Fresh,3062
1,1,Fresh,8885
1,1,Fresh,13569
1,1,Fresh,15671
1,1,Fresh,8040
1,1,Fresh,3191
2,1,Fresh,6134
1,1,Fresh,6623
1,1,Fresh,29526
1,1,Fresh,10379
1,1,Fresh,31614
1,1,Fresh,11092
1,1,Fresh,8475
1,1,Fresh,56083
1,1,Fresh,53205
1,1,Fresh,9193
1,1,Fresh,7858
1,1,Fresh,23257
1,1,Fresh,2153
2,1,Fresh,1073
1,1,Fresh,5909
2,1,Fresh,572
1,1,Fresh,20893
2,1,Fresh,11908
1,1,Fresh,15218
1,1,Fresh,4720
1,1,Fresh,2083
1,1,Fresh,514
1,3,Fresh,36817
1,3,Fresh,894
1,3,Fresh,680
1,3,Fresh,27901
1,3,Fresh,9061
1,3,Fresh,11693
2,3,Fresh,17360
1,3,Fresh,3366
2,3,Fresh,12238
1,3,Fresh,49063
1,3,Fresh,25767
1,3,Fresh,68951
1,3,Fresh,40254
1,3,Fresh,7149
1,3,Fresh,15354
1,3,Fresh,16260
1,3,Fresh,42786
1,3,Fresh,2708
1,3,Fresh,6022
1,3,Fresh,2838
2,2,Fresh,3996
1,2,Fresh,21273
2,2,Fresh,7588
1,2,Fresh,19087
2,2,Fresh,8090
2,2,Fresh,6758
1,2,Fresh,444
2,2,Fresh,16448
2,2,Fresh,5283
2,2,Fresh,2886
2,2,Fresh,2599
2,2,Fresh,161
2,2,Fresh,243
2,2,Fresh,6468
1,2,Fresh,17327
1,2,Fresh,6987
2,2,Fresh,918
1,2,Fresh,7034
1,2,Fresh,29635
2,2,Fresh,2137
1,2,Fresh,9784
1,2,Fresh,10617
2,2,Fresh,1479
1,2,Fresh,7127
1,2,Fresh,1182
1,2,Fresh,11800
2,2,Fresh,9759
1,2,Fresh,1774
1,2,Fresh,9155
1,2,Fresh,15881
1,2,Fresh,13360
1,2,Fresh,25977
1,2,Fresh,32717
1,2,Fresh,4414
1,2,Fresh,542
1,2,Fresh,16933
1,2,Fresh,5113
1,2,Fresh,9790
2,2,Fresh,11223
1,2,Fresh,22321
2,2,Fresh,8565
2,2,Fresh,16823
2,2,Fresh,27082
1,2,Fresh,13970
1,2,Fresh,9351
1,2,Fresh,3
1,2,Fresh,2617
2,3,Fresh,381
2,3,Fresh,2320
1,3,Fresh,255
2,3,Fresh,1689
1,3,Fresh,3043
1,3,Fresh,1198
2,3,Fresh,2771
2,3,Fresh,27380
1,3,Fresh,3428
2,3,Fresh,5981
1,3,Fresh,3521
2,3,Fresh,1210
1,3,Fresh,608
2,3,Fresh,117
1,3,Fresh,14039
1,3,Fresh,190
1,3,Fresh,22686
2,3,Fresh,37
1,3,Fresh,759
1,3,Fresh,796
1,3,Fresh,19746
1,3,Fresh,4734
1,3,Fresh,2121
1,3,Fresh,4627
1,3,Fresh,2615
2,3,Fresh,4692
1,3,Fresh,9561
1,3,Fresh,3477
1,3,Fresh,22335
1,3,Fresh,6211
2,3,Fresh,39679
1,3,Fresh,20105
1,3,Fresh,3884
2,3,Fresh,15076
1,3,Fresh,6338
1,3,Fresh,5841
2,3,Fresh,3136
1,3,Fresh,38793
1,3,Fresh,3225
2,3,Fresh,4048
1,3,Fresh,28257
1,3,Fresh,17770
1,3,Fresh,34454
1,3,Fresh,1821
1,3,Fresh,10683
1,3,Fresh,11635
1,3,Fresh,1206
1,3,Fresh,20918
1,3,Fresh,9785
1,3,Fresh,9385
1,3,Fresh,3352
1,3,Fresh,2647
1,3,Fresh,518
1,3,Fresh,23632
1,3,Fresh,12377
1,3,Fresh,9602
2,3,Fresh,4515
1,3,Fresh,11535
1,3,Fresh,11442
1,3,Fresh,9612
1,3,Fresh,4446
1,3,Fresh,27167
1,3,Fresh,26539
1,3,Fresh,25606
1,3,Fresh,18073
1,3,Fresh,6884
1,3,Fresh,25066
2,3,Fresh,7362
2,3,Fresh,8257
1,3,Fresh,8708
1,3,Fresh,6633
1,3,Fresh,2126
1,3,Fresh,97
1,3,Fresh,4983
1,3,Fresh,5969
2,3,Fresh,7842
2,3,Fresh,4389
1,3,Fresh,5065
2,3,Fresh,660
1,3,Fresh,8861
1,3,Fresh,4456
2,3,Fresh,17063
1,3,Fresh,26400
2,3,Fresh,17565
2,3,Fresh,16980
1,3,Fresh,11243
1,3,Fresh,13134
1,3,Fresh,31012
1,3,Fresh,3047
1,3,Fresh,8607
1,3,Fresh,3097
1,3,Fresh,8533
1,3,Fresh,21117
1,3,Fresh,1982
1,3,Fresh,16731
1,3,Fresh,29703
1,3,Fresh,39228
2,3,Fresh,14531
1,3,Fresh,10290
1,3,Fresh,2787
2,3,Milk,9656
2,3,Milk,9810
2,3,Milk,8808
1,3,Milk,1196
2,3,Milk,5410
2,3,Milk,8259
2,3,Milk,3199
2,3,Milk,4956
1,3,Milk,3648
2,3,Milk,11093
2,3,Milk,5403
2,3,Milk,1124
2,3,Milk,12319
2,3,Milk,6208
2,3,Milk,9465
1,3,Milk,1114
2,3,Milk,8816
1,3,Milk,6157
2,3,Milk,6327
1,3,Milk,2495
2,3,Milk,4519
1,3,Milk,871
1,3,Milk,1917
2,3,Milk,36423
2,3,Milk,9776
2,3,Milk,4230
1,3,Milk,961
1,3,Milk,803
2,3,Milk,20484
1,3,Milk,2100
1,3,Milk,3610
1,3,Milk,4339
1,3,Milk,1318
1,3,Milk,4786
1,3,Milk,1979
2,3,Milk,5491
1,3,Milk,4362
2,3,Milk,10556
2,3,Milk,15729
1,3,Milk,555
1,3,Milk,4332
1,3,Milk,3065
2,3,Milk,7555
2,3,Milk,11095
2,3,Milk,7027
2,3,Milk,22044
2,3,Milk,14069
2,3,Milk,54259
2,3,Milk,6152
2,3,Milk,21412
1,3,Milk,1095
1,3,Milk,4051
2,3,Milk,3916
2,3,Milk,10473
1,3,Milk,1449
1,3,Milk,3683
2,3,Milk,29892
2,3,Milk,9933
1,3,Milk,1970
1,3,Milk,5360
2,3,Milk,3045
2,3,Milk,38369
2,3,Milk,6245
2,3,Milk,11601
1,3,Milk,1227
2,3,Milk,20959
1,3,Milk,1534
2,3,Milk,6759
1,3,Milk,7260
1,3,Milk,2820
1,3,Milk,2037
1,3,Milk,1266
1,3,Milk,5139
2,3,Milk,5332
2,3,Milk,6343
1,3,Milk,1137
1,3,Milk,3587
2,3,Milk,12697
1,3,Milk,1175
1,3,Milk,3259
1,3,Milk,829
2,3,Milk,9540
2,3,Milk,9232
1,3,Milk,1563
2,3,Milk,3327
2,3,Milk,46197
2,3,Milk,73498
1,3,Milk,5025
1,3,Milk,542
1,3,Milk,3836
1,3,Milk,596
1,3,Milk,2762
2,3,Milk,27472
1,3,Milk,3090
2,3,Milk,12220
1,3,Milk,2920
2,3,Milk,2616
1,3,Milk,254
1,3,Milk,112
1,3,Milk,2182
2,3,Milk,7779
2,3,Milk,10810
2,3,Milk,6459
1,3,Milk,3504
1,3,Milk,2132
1,3,Milk,1014
2,3,Milk,6337
2,3,Milk,10646
2,3,Milk,8397
2,3,Milk,16729
1,3,Milk,1648
2,3,Milk,11114
1,3,Milk,2770
1,3,Milk,2295
1,3,Milk,1080
1,3,Milk,793
1,3,Milk,2521
1,3,Milk,3880
1,3,Milk,1891
1,3,Milk,2344
1,3,Milk,1200
1,3,Milk,3234
1,3,Milk,201
2,3,Milk,10769
1,3,Milk,1642
1,3,Milk,3473
1,3,Milk,1840
2,3,Milk,7243
1,3,Milk,8847
1,3,Milk,926
1,3,Milk,2428
1,3,Milk,589
1,3,Milk,2032
1,3,Milk,1042
1,3,Milk,1882
1,3,Milk,1289
1,3,Milk,8579
1,3,Milk,8080
1,3,Milk,4257
1,3,Milk,4979
1,3,Milk,4280
1,3,Milk,13252
1,3,Milk,7152
1,3,Milk,1596
1,3,Milk,3677
2,3,Milk,8384
1,3,Milk,1936
1,3,Milk,3373
1,3,Milk,584
1,3,Milk,1433
1,3,Milk,1825
1,3,Milk,3328
1,3,Milk,1371
1,3,Milk,9250
1,3,Milk,55
2,3,Milk,10690
2,3,Milk,5291
1,3,Milk,1366
2,3,Milk,6570
2,3,Milk,7704
2,3,Milk,3651
1,3,Milk,540
1,3,Milk,2024
2,3,Milk,15726
2,3,Milk,7603
2,3,Milk,12653
2,3,Milk,6721
1,3,Milk,3195
1,3,Milk,735
1,3,Milk,717
2,3,Milk,8675
2,3,Milk,25862
1,3,Milk,5479
2,3,Milk,7677
1,3,Milk,1208
2,3,Milk,7845
1,3,Milk,6958
1,3,Milk,7330
1,3,Milk,7075
1,3,Milk,4888
1,3,Milk,6036
1,3,Milk,29627
1,3,Milk,8533
1,3,Milk,43950
1,3,Milk,918
1,3,Milk,6448
1,3,Milk,521
1,3,Milk,8002
2,3,Milk,7639
2,3,Milk,11577
1,3,Milk,6250
1,3,Milk,295
1,3,Milk,1461
2,3,Milk,3485
1,3,Milk,1012
1,3,Milk,5139
1,1,Milk,7209
2,1,Milk,7097
1,1,Milk,2154
1,1,Milk,2280
2,1,Milk,13240
2,1,Milk,14399
1,1,Milk,11487
1,1,Milk,685
1,1,Milk,891
2,1,Milk,11711
1,1,Milk,780
2,1,Milk,4737
1,1,Milk,3748
2,1,Milk,12729
1,1,Milk,1895
2,1,Milk,28326
1,1,Milk,1012
1,1,Milk,6602
2,1,Milk,6551
1,1,Milk,10765
2,1,Milk,16599
1,1,Milk,1475
2,1,Milk,7504
1,1,Milk,367
1,1,Milk,899
1,1,Milk,7503
1,1,Milk,1115
2,1,Milk,2527
1,1,Milk,659
1,1,Milk,3243
2,1,Milk,5921
1,1,Milk,2204
1,1,Milk,577
1,1,Milk,2746
2,1,Milk,5989
1,1,Milk,10678
1,1,Milk,1780
1,1,Milk,4984
1,1,Milk,2703
1,1,Milk,6380
1,1,Milk,820
1,1,Milk,3838
1,1,Milk,475
1,1,Milk,2567
1,1,Milk,3575
1,1,Milk,1801
1,1,Milk,659
1,1,Milk,3576
1,1,Milk,7775
2,1,Milk,6154
1,1,Milk,2428
1,1,Milk,346
1,1,Milk,5279
1,1,Milk,3795
1,1,Milk,1993
2,1,Milk,23133
1,1,Milk,1860
1,1,Milk,7961
1,1,Milk,17972
1,1,Milk,489
1,1,Milk,5008
1,1,Milk,1931
1,1,Milk,4563
1,1,Milk,4959
1,1,Milk,4885
1,1,Milk,1110
1,1,Milk,1372
1,1,Milk,1115
2,1,Milk,9679
1,1,Milk,23527
2,1,Milk,9763
1,1,Milk,1222
2,1,Milk,8053
1,1,Milk,258
1,1,Milk,1032
1,1,Milk,5007
1,1,Milk,8323
1,3,Milk,3045
1,3,Milk,1703
1,3,Milk,1610
1,3,Milk,3749
1,3,Milk,829
1,3,Milk,2317
2,3,Milk,6200
1,3,Milk,2884
2,3,Milk,7108
1,3,Milk,3965
1,3,Milk,3613
1,3,Milk,4411
1,3,Milk,640
1,3,Milk,2247
1,3,Milk,2102
1,3,Milk,594
1,3,Milk,286
1,3,Milk,2160
1,3,Milk,3354
1,3,Milk,3086
2,2,Milk,11103
1,2,Milk,2013
2,2,Milk,1897
1,2,Milk,1304
2,2,Milk,3199
2,2,Milk,4560
1,2,Milk,879
2,2,Milk,6243
2,2,Milk,13316
2,2,Milk,5302
2,2,Milk,3688
2,2,Milk,7460
2,2,Milk,12939
2,2,Milk,12867
1,2,Milk,2374
1,2,Milk,1020
2,2,Milk,20655
1,2,Milk,1492
1,2,Milk,2335
2,2,Milk,3737
1,2,Milk,925
1,2,Milk,1795
2,2,Milk,14982
1,2,Milk,1375
1,2,Milk,3088
1,2,Milk,2713
2,2,Milk,25071
1,2,Milk,3696
1,2,Milk,1897
1,2,Milk,713
1,2,Milk,944
1,2,Milk,3587
1,2,Milk,16784
1,2,Milk,1610
1,2,Milk,899
1,2,Milk,2209
1,2,Milk,1486
1,2,Milk,1786
2,2,Milk,14881
1,2,Milk,3216
2,2,Milk,4980
2,2,Milk,928
2,2,Milk,6817
1,2,Milk,1511
1,2,Milk,1347
1,2,Milk,333
1,2,Milk,1188
2,3,Milk,4025
2,3,Milk,5763
1,3,Milk,5758
2,3,Milk,6964
1,3,Milk,1172
1,3,Milk,2602
2,3,Milk,6939
2,3,Milk,7184
1,3,Milk,2380
2,3,Milk,14641
1,3,Milk,1099
2,3,Milk,10044
1,3,Milk,1106
2,3,Milk,6264
1,3,Milk,7393
1,3,Milk,727
1,3,Milk,134
2,3,Milk,1275
1,3,Milk,18664
1,3,Milk,5878
1,3,Milk,2872
1,3,Milk,607
1,3,Milk,1601
1,3,Milk,997
1,3,Milk,873
2,3,Milk,6128
1,3,Milk,2217
1,3,Milk,894
1,3,Milk,1196
1,3,Milk,337
2,3,Milk,3944
1,3,Milk,1887
1,3,Milk,3801
2,3,Milk,6257
1,3,Milk,2256
1,3,Milk,1450
2,3,Milk,8630
1,3,Milk,3154
1,3,Milk,3294
2,3,Milk,5164
1,3,Milk,944
1,3,Milk,4591
1,3,Milk,7435
1,3,Milk,1364
1,3,Milk,21858
1,3,Milk,922
1,3,Milk,3620
1,3,Milk,1916
1,3,Milk,848
1,3,Milk,1530
1,3,Milk,1181
1,3,Milk,2761
1,3,Milk,4180
1,3,Milk,6730
1,3,Milk,865
1,3,Milk,1316
2,3,Milk,11991
1,3,Milk,1666
1,3,Milk,1032
1,3,Milk,577
1,3,Milk,906
1,3,Milk,2801
1,3,Milk,4753
1,3,Milk,11006
1,3,Milk,4613
1,3,Milk,1046
1,3,Milk,5010
2,3,Milk,12844
2,3,Milk,3880
1,3,Milk,3634
1,3,Milk,2096
1,3,Milk,3289
1,3,Milk,3605
1,3,Milk,4859
1,3,Milk,1990
2,3,Milk,6046
2,3,Milk,10940
1,3,Milk,5499
2,3,Milk,8494
1,3,Milk,3783
1,3,Milk,5266
2,3,Milk,4847
1,3,Milk,1377
2,3,Milk,3686
2,3,Milk,2884
1,3,Milk,2408
1,3,Milk,9347
1,3,Milk,16687
1,3,Milk,5970
1,3,Milk,1750
1,3,Milk,4230
1,3,Milk,5506
1,3,Milk,1162
1,3,Milk,3218
1,3,Milk,3922
1,3,Milk,12051
1,3,Milk,1431
2,3,Milk,15488
1,3,Milk,1981
1,3,Milk,1698
2,3,Grocery,7561
2,3,Grocery,9568
2,3,Grocery,7684
1,3,Grocery,4221
2,3,Grocery,7198
2,3,Grocery,5126
2,3,Grocery,6975
2,3,Grocery,9426
1,3,Grocery,6192
2,3,Grocery,18881
2,3,Grocery,12974
2,3,Grocery,4523
2,3,Grocery,11757
2,3,Grocery,14982
2,3,Grocery,12091
1,3,Grocery,3821
2,3,Grocery,12121
1,3,Grocery,2933
2,3,Grocery,10099
1,3,Grocery,9464
2,3,Grocery,4602
1,3,Grocery,2010
1,3,Grocery,4469
2,3,Grocery,22019
2,3,Grocery,13792
2,3,Grocery,7595
1,3,Grocery,2861
1,3,Grocery,3045
2,3,Grocery,25957
1,3,Grocery,2609
1,3,Grocery,11107
1,3,Grocery,3133
1,3,Grocery,2886
1,3,Grocery,7326
1,3,Grocery,2262
2,3,Grocery,11091
1,3,Grocery,5428
2,3,Grocery,12477
2,3,Grocery,16709
1,3,Grocery,902
1,3,Grocery,4757
1,3,Grocery,5956
2,3,Grocery,14961
2,3,Grocery,23998
2,3,Grocery,10471
2,3,Grocery,21531
2,3,Grocery,21955
2,3,Grocery,55571
2,3,Grocery,10868
2,3,Grocery,28921
1,3,Grocery,1980
1,3,Grocery,6996
2,3,Grocery,5876
2,3,Grocery,11532
1,3,Grocery,1947
1,3,Grocery,5005
2,3,Grocery,26866
2,3,Grocery,10487
1,3,Grocery,1648
1,3,Grocery,8040
2,3,Grocery,7854
2,3,Grocery,59598
2,3,Grocery,6544
2,3,Grocery,15775
1,3,Grocery,3250
2,3,Grocery,45828
1,3,Grocery,7417
2,3,Grocery,13462
1,3,Grocery,3993
1,3,Grocery,1293
1,3,Grocery,3202
1,3,Grocery,21042
1,3,Grocery,2661
2,3,Grocery,8713
2,3,Grocery,9794
1,3,Grocery,3
1,3,Grocery,6532
2,3,Grocery,28540
1,3,Grocery,2067
1,3,Grocery,3655
1,3,Grocery,3009
2,3,Grocery,14403
2,3,Grocery,11009
1,3,Grocery,1783
2,3,Grocery,4814
2,3,Grocery,92780
2,3,Grocery,32114
1,3,Grocery,8117
1,3,Grocery,4042
1,3,Grocery,5330
1,3,Grocery,1638
1,3,Grocery,2530
2,3,Grocery,32034
1,3,Grocery,2062
2,3,Grocery,11323
1,3,Grocery,6252
2,3,Grocery,8118
1,3,Grocery,610
1,3,Grocery,778
1,3,Grocery,1909
2,3,Grocery,12144
2,3,Grocery,16267
2,3,Grocery,7677
1,3,Grocery,8906
1,3,Grocery,3445
1,3,Grocery,3970
2,3,Grocery,10704
2,3,Grocery,14886
2,3,Grocery,6981
2,3,Grocery,28986
1,3,Grocery,1694
2,3,Grocery,17569
1,3,Grocery,2469
1,3,Grocery,1733
1,3,Grocery,2000
1,3,Grocery,2988
1,3,Grocery,3355
1,3,Grocery,5380
1,3,Grocery,2362
1,3,Grocery,2147
1,3,Grocery,3412
1,3,Grocery,1498
1,3,Grocery,245
2,3,Grocery,8814
1,3,Grocery,2961
1,3,Grocery,7102
1,3,Grocery,1658
2,3,Grocery,10685
1,3,Grocery,3823
1,3,Grocery,1510
1,3,Grocery,699
1,3,Grocery,314
1,3,Grocery,2479
1,3,Grocery,1235
1,3,Grocery,2174
1,3,Grocery,2591
1,3,Grocery,7030
1,3,Grocery,8282
1,3,Grocery,5034
1,3,Grocery,3343
1,3,Grocery,7305
1,3,Grocery,5189
1,3,Grocery,8253
1,3,Grocery,1096
1,3,Grocery,1988
2,3,Grocery,34792
1,3,Grocery,2177
1,3,Grocery,2707
1,3,Grocery,542
1,3,Grocery,1651
1,3,Grocery,1765
1,3,Grocery,2022
1,3,Grocery,3135
1,3,Grocery,2368
1,3,Grocery,137
2,3,Grocery,19460
2,3,Grocery,14855
1,3,Grocery,2474
2,3,Grocery,9618
2,3,Grocery,14682
2,3,Grocery,12822
1,3,Grocery,283
1,3,Grocery,3810
2,3,Grocery,26870
2,3,Grocery,8584
2,3,Grocery,19858
2,3,Grocery,9170
1,3,Grocery,3268
1,3,Grocery,803
1,3,Grocery,2155
2,3,Grocery,13430
2,3,Grocery,19816
1,3,Grocery,6536
2,3,Grocery,19805
1,3,Grocery,5241
2,3,Grocery,11874
1,3,Grocery,6536
1,3,Grocery,4533
1,3,Grocery,4945
1,3,Grocery,2500
1,3,Grocery,8887
1,3,Grocery,18148
1,3,Grocery,10518
1,3,Grocery,20170
1,3,Grocery,4710
1,3,Grocery,1139
1,3,Grocery,854
1,3,Grocery,9819
2,3,Grocery,11687
2,3,Grocery,11522
1,3,Grocery,1981
1,3,Grocery,1381
1,3,Grocery,2251
2,3,Grocery,20292
1,3,Grocery,2974
1,3,Grocery,5230
1,1,Grocery,4897
2,1,Grocery,10391
1,1,Grocery,6824
1,1,Grocery,2112
2,1,Grocery,23127
2,1,Grocery,24708
1,1,Grocery,9490
1,1,Grocery,2216
1,1,Grocery,5226
2,1,Grocery,23596
1,1,Grocery,950
2,1,Grocery,6089
1,1,Grocery,5838
2,1,Grocery,16767
1,1,Grocery,1393
2,1,Grocery,39694
1,1,Grocery,2062
1,1,Grocery,6861
2,1,Grocery,11364
1,1,Grocery,15538
2,1,Grocery,36486
1,1,Grocery,2046
2,1,Grocery,15205
1,1,Grocery,1390
1,1,Grocery,1382
1,1,Grocery,10646
1,1,Grocery,2856
2,1,Grocery,5265
1,1,Grocery,1499
1,1,Grocery,4157
2,1,Grocery,9212
1,1,Grocery,1563
1,1,Grocery,572
1,1,Grocery,2501
2,1,Grocery,5615
1,1,Grocery,3828
1,1,Grocery,3838
1,1,Grocery,3316
1,1,Grocery,3833
1,1,Grocery,2824
1,1,Grocery,3047
1,1,Grocery,593
1,1,Grocery,585
1,1,Grocery,3779
1,1,Grocery,7041
1,1,Grocery,2475
1,1,Grocery,2914
1,1,Grocery,5119
1,1,Grocery,10817
2,1,Grocery,13916
1,1,Grocery,1777
1,1,Grocery,489
1,1,Grocery,2406
1,1,Grocery,2070
1,1,Grocery,1799
2,1,Grocery,33586
1,1,Grocery,4740
1,1,Grocery,16966
1,1,Grocery,4748
1,1,Grocery,1495
1,1,Grocery,5249
1,1,Grocery,1883
1,1,Grocery,2124
1,1,Grocery,7336
1,1,Grocery,2157
1,1,Grocery,1094
1,1,Grocery,1677
1,1,Grocery,6684
2,1,Grocery,15445
1,1,Grocery,13699
2,1,Grocery,22182
1,1,Grocery,2576
2,1,Grocery,19847
1,1,Grocery,1138
1,1,Grocery,975
1,1,Grocery,1563
1,1,Grocery,6869
1,3,Grocery,1493
1,3,Grocery,1841
1,3,Grocery,223
1,3,Grocery,6964
1,3,Grocery,683
1,3,Grocery,2543
2,3,Grocery,9694
1,3,Grocery,2431
2,3,Grocery,6235
1,3,Grocery,4252
1,3,Grocery,2013
1,3,Grocery,12609
1,3,Grocery,3600
1,3,Grocery,1242
1,3,Grocery,2828
1,3,Grocery,1296
1,3,Grocery,471
1,3,Grocery,2642
1,3,Grocery,3261
1,3,Grocery,4329
2,2,Grocery,12469
1,2,Grocery,6550
2,2,Grocery,5234
1,2,Grocery,3643
2,2,Grocery,6986
2,2,Grocery,9965
1,2,Grocery,2060
2,2,Grocery,6360
2,2,Grocery,20399
2,2,Grocery,9785
2,2,Grocery,13829
2,2,Grocery,24773
2,2,Grocery,8852
2,2,Grocery,21570
1,2,Grocery,2842
1,2,Grocery,3007
2,2,Grocery,13567
1,2,Grocery,2405
1,2,Grocery,8280
2,2,Grocery,19172
1,2,Grocery,2405
1,2,Grocery,7647
2,2,Grocery,11924
1,2,Grocery,2201
1,2,Grocery,6114
1,2,Grocery,3558
2,2,Grocery,17645
1,2,Grocery,2280
1,2,Grocery,5167
1,2,Grocery,3315
1,2,Grocery,11593
1,2,Grocery,2464
1,2,Grocery,13626
1,2,Grocery,1431
1,2,Grocery,1664
1,2,Grocery,3389
1,2,Grocery,4583
1,2,Grocery,5109
2,2,Grocery,26839
1,2,Grocery,1447
2,2,Grocery,67298
2,2,Grocery,2743
2,2,Grocery,10790
1,2,Grocery,1330
1,2,Grocery,2611
1,2,Grocery,7021
1,2,Grocery,5332
2,3,Grocery,9670
2,3,Grocery,11238
1,3,Grocery,5923
2,3,Grocery,26316
1,3,Grocery,1763
1,3,Grocery,8335
2,3,Grocery,15541
2,3,Grocery,12311
1,3,Grocery,2028
2,3,Grocery,20521
1,3,Grocery,1997
2,3,Grocery,22294
1,3,Grocery,1533
2,3,Grocery,21203
1,3,Grocery,2548
1,3,Grocery,2012
1,3,Grocery,218
2,3,Grocery,22272
1,3,Grocery,1660
1,3,Grocery,2109
1,3,Grocery,2006
1,3,Grocery,864
1,3,Grocery,2453
1,3,Grocery,4438
1,3,Grocery,1524
2,3,Grocery,8025
1,3,Grocery,1664
1,3,Grocery,534
1,3,Grocery,2406
1,3,Grocery,683
2,3,Grocery,4955
1,3,Grocery,1939
1,3,Grocery,1641
2,3,Grocery,7398
1,3,Grocery,1668
1,3,Grocery,1162
2,3,Grocery,13586
1,3,Grocery,2648
1,3,Grocery,1902
2,3,Grocery,10391
1,3,Grocery,2146
1,3,Grocery,1617
1,3,Grocery,8469
1,3,Grocery,3450
1,3,Grocery,15400
1,3,Grocery,1614
1,3,Grocery,2857
1,3,Grocery,1573
1,3,Grocery,1172
1,3,Grocery,1422
1,3,Grocery,1328
1,3,Grocery,2313
1,3,Grocery,3600
1,3,Grocery,3842
1,3,Grocery,3204
1,3,Grocery,1263
2,3,Grocery,9345
1,3,Grocery,1428
1,3,Grocery,582
1,3,Grocery,935
1,3,Grocery,1238
1,3,Grocery,2128
1,3,Grocery,5091
1,3,Grocery,4604
1,3,Grocery,3444
1,3,Grocery,1167
1,3,Grocery,5026
2,3,Grocery,18683
2,3,Grocery,6407
1,3,Grocery,6100
1,3,Grocery,4563
1,3,Grocery,3281
1,3,Grocery,12400
1,3,Grocery,6633
1,3,Grocery,3417
2,3,Grocery,8552
2,3,Grocery,10908
1,3,Grocery,11055
2,3,Grocery,18622
1,3,Grocery,2223
1,3,Grocery,13227
2,3,Grocery,9053
1,3,Grocery,4172
2,3,Grocery,4657
2,3,Grocery,12232
1,3,Grocery,2593
1,3,Grocery,14316
1,3,Grocery,5429
1,3,Grocery,4910
1,3,Grocery,3580
1,3,Grocery,16483
1,3,Grocery,5160
1,3,Grocery,4754
1,3,Grocery,1493
1,3,Grocery,7994
1,3,Grocery,16027
1,3,Grocery,764
2,3,Grocery,30243
1,3,Grocery,2232
1,3,Grocery,2510
2,3,Frozen,214
2,3,Frozen,1762
2,3,Frozen,2405
1,3,Frozen,6404
2,3,Frozen,3915
2,3,Frozen,666
2,3,Frozen,480
2,3,Frozen,1669
1,3,Frozen,425
2,3,Frozen,1159
2,3,Frozen,4400
2,3,Frozen,1420
2,3,Frozen,287
2,3,Frozen,3095
2,3,Frozen,294
1,3,Frozen,397
2,3,Frozen,134
1,3,Frozen,839
2,3,Frozen,2205
1,3,Frozen,669
2,3,Frozen,1066
1,3,Frozen,3383
1,3,Frozen,9408
2,3,Frozen,5154
2,3,Frozen,2915
2,3,Frozen,201
1,3,Frozen,3151
1,3,Frozen,485
2,3,Frozen,1158
1,3,Frozen,1200
1,3,Frozen,1148
1,3,Frozen,2088
1,3,Frozen,266
1,3,Frozen,6130
1,3,Frozen,425
2,3,Frozen,833
1,3,Frozen,1729
2,3,Frozen,1920
2,3,Frozen,33
1,3,Frozen,10002
1,3,Frozen,9510
1,3,Frozen,2033
2,3,Frozen,188
2,3,Frozen,787
2,3,Frozen,541
2,3,Frozen,1740
2,3,Frozen,1668
2,3,Frozen,7782
2,3,Frozen,584
2,3,Frozen,1798
1,3,Frozen,3860
1,3,Frozen,239
2,3,Frozen,532
2,3,Frozen,744
1,3,Frozen,2436
1,3,Frozen,1057
2,3,Frozen,2616
2,3,Frozen,38
1,3,Frozen,596
1,3,Frozen,129
2,3,Frozen,96
2,3,Frozen,3254
2,3,Frozen,4154
2,3,Frozen,2896
1,3,Frozen,3724
2,3,Frozen,36
1,3,Frozen,175
2,3,Frozen,1256
1,3,Frozen,5870
1,3,Frozen,779
1,3,Frozen,10643
1,3,Frozen,5373
1,3,Frozen,8872
2,3,Frozen,8132
2,3,Frozen,1285
1,3,Frozen,4407
1,3,Frozen,7530
2,3,Frozen,869
1,3,Frozen,2096
1,3,Frozen,868
1,3,Frozen,430
2,3,Frozen,283
2,3,Frozen,737
1,3,Frozen,2320
2,3,Frozen,1178
2,3,Frozen,1026
2,3,Frozen,987
1,3,Frozen,6312
1,3,Frozen,9735
1,3,Frozen,3443
1,3,Frozen,3347
1,3,Frozen,8693
2,3,Frozen,3232
1,3,Frozen,35009
2,3,Frozen,206
1,3,Frozen,440
2,3,Frozen,145
1,3,Frozen,774
1,3,Frozen,895
1,3,Frozen,5639
2,3,Frozen,3252
2,3,Frozen,1593
2,3,Frozen,2561
1,3,Frozen,18028
1,3,Frozen,1336
1,3,Frozen,910
2,3,Frozen,133
2,3,Frozen,2471
2,3,Frozen,247
2,3,Frozen,673
1,3,Frozen,2276
2,3,Frozen,805
1,3,Frozen,8853
1,3,Frozen,3220
1,3,Frozen,2555
1,3,Frozen,2715
1,3,Frozen,1517
1,3,Frozen,1647
1,3,Frozen,5343
1,3,Frozen,3896
1,3,Frozen,2417
1,3,Frozen,2395
1,3,Frozen,1991
2,3,Frozen,2194
1,3,Frozen,4787
1,3,Frozen,16538
1,3,Frozen,8195
2,3,Frozen,880
1,3,Frozen,142
1,3,Frozen,1718
1,3,Frozen,6316
1,3,Frozen,346
1,3,Frozen,576
1,3,Frozen,436
1,3,Frozen,720
1,3,Frozen,1170
1,3,Frozen,4575
1,3,Frozen,661
1,3,Frozen,155
1,3,Frozen,825
1,3,Frozen,2279
1,3,Frozen,321
1,3,Frozen,2995
1,3,Frozen,8425
1,3,Frozen,118
2,3,Frozen,42
1,3,Frozen,926
1,3,Frozen,1286
1,3,Frozen,4052
1,3,Frozen,800
1,3,Frozen,853
1,3,Frozen,531
1,3,Frozen,3001
1,3,Frozen,779
1,3,Frozen,75
2,3,Frozen,233
2,3,Frozen,317
1,3,Frozen,3378
2,3,Frozen,930
2,3,Frozen,398
2,3,Frozen,824
1,3,Frozen,1092
1,3,Frozen,2665
2,3,Frozen,2367
2,3,Frozen,2540
2,3,Frozen,4425
2,3,Frozen,993
1,3,Frozen,405
1,3,Frozen,1393
1,3,Frozen,2399
2,3,Frozen,1116
2,3,Frozen,651
1,3,Frozen,333
2,3,Frozen,937
1,3,Frozen,2515
2,3,Frozen,52
1,3,Frozen,7368
1,3,Frozen,1752
1,3,Frozen,1152
1,3,Frozen,4477
1,3,Frozen,402
1,3,Frozen,16745
1,3,Frozen,443
1,3,Frozen,36534
1,3,Frozen,74
1,3,Frozen,2181
1,3,Frozen,3470
1,3,Frozen,6269
2,3,Frozen,2758
2,3,Frozen,275
1,3,Frozen,7332
1,3,Frozen,890
1,3,Frozen,547
2,3,Frozen,959
1,3,Frozen,806
1,3,Frozen,7888
1,1,Frozen,18711
2,1,Frozen,1127
1,1,Frozen,3527
1,1,Frozen,520
2,1,Frozen,3941
2,1,Frozen,3549
1,1,Frozen,5065
1,1,Frozen,469
1,1,Frozen,1383
2,1,Frozen,955
1,1,Frozen,878
2,1,Frozen,2946
1,1,Frozen,1859
2,1,Frozen,864
1,1,Frozen,1801
2,1,Frozen,4736
1,1,Frozen,1291
1,1,Frozen,1329
2,1,Frozen,913
1,1,Frozen,1374
2,1,Frozen,179
1,1,Frozen,2532
2,1,Frozen,1285
1,1,Frozen,2306
1,1,Frozen,1765
1,1,Frozen,91
1,1,Frozen,7496
2,1,Frozen,5612
1,1,Frozen,784
1,1,Frozen,660
2,1,Frozen,1759
1,1,Frozen,2286
1,1,Frozen,950
1,1,Frozen,6845
2,1,Frozen,8321
1,1,Frozen,1439
1,1,Frozen,638
1,1,Frozen,937
1,1,Frozen,4260
1,1,Frozen,1218
1,1,Frozen,2312
1,1,Frozen,4634
1,1,Frozen,1112
1,1,Frozen,5243
1,1,Frozen,11422
1,1,Frozen,2216
1,1,Frozen,3752
1,1,Frozen,561
1,1,Frozen,1183
2,1,Frozen,230
1,1,Frozen,1777
1,1,Frozen,2077
1,1,Frozen,559
1,1,Frozen,6340
1,1,Frozen,1730
2,1,Frozen,6746
1,1,Frozen,7683
1,1,Frozen,432
1,1,Frozen,4686
1,1,Frozen,3242
1,1,Frozen,453
1,1,Frozen,5004
1,1,Frozen,6422
1,1,Frozen,3012
1,1,Frozen,327
1,1,Frozen,6818
1,1,Frozen,982
1,1,Frozen,4324
2,1,Frozen,61
1,1,Frozen,10155
2,1,Frozen,2221
1,1,Frozen,3975
2,1,Frozen,1069
1,1,Frozen,2516
1,1,Frozen,5500
1,1,Frozen,1120
1,1,Frozen,529
1,3,Frozen,4802
1,3,Frozen,744
1,3,Frozen,862
1,3,Frozen,4479
1,3,Frozen,16919
1,3,Frozen,5845
2,3,Frozen,1293
1,3,Frozen,977
2,3,Frozen,1093
1,3,Frozen,5970
1,3,Frozen,10303
1,3,Frozen,8692
1,3,Frozen,1042
1,3,Frozen,1619
1,3,Frozen,8366
1,3,Frozen,848
1,3,Frozen,1388
1,3,Frozen,502
1,3,Frozen,2507
1,3,Frozen,3838
2,2,Frozen,902
1,2,Frozen,909
2,2,Frozen,417
1,2,Frozen,3045
2,2,Frozen,1455
2,2,Frozen,934
1,2,Frozen,264
2,2,Frozen,824
2,2,Frozen,1809
2,2,Frozen,364
2,2,Frozen,492
2,2,Frozen,617
2,2,Frozen,799
2,2,Frozen,1840
1,2,Frozen,1149
1,2,Frozen,416
2,2,Frozen,1465
1,2,Frozen,12569
1,2,Frozen,3046
2,2,Frozen,1274
1,2,Frozen,4447
1,2,Frozen,1483
2,2,Frozen,662
1,2,Frozen,2679
1,2,Frozen,978
1,2,Frozen,2121
2,2,Frozen,1128
1,2,Frozen,514
1,2,Frozen,2714
1,2,Frozen,3703
1,2,Frozen,915
1,2,Frozen,2369
1,2,Frozen,60869
1,2,Frozen,3498
1,2,Frozen,414
1,2,Frozen,7849
1,2,Frozen,5127
1,2,Frozen,3570
2,2,Frozen,1234
1,2,Frozen,2208
2,2,Frozen,131
2,2,Frozen,11559
2,2,Frozen,1365
1,2,Frozen,650
1,2,Frozen,8170
1,2,Frozen,15601
1,2,Frozen,9584
2,3,Frozen,388
2,3,Frozen,767
1,3,Frozen,349
2,3,Frozen,1456
1,3,Frozen,2234
1,3,Frozen,402
2,3,Frozen,2693
2,3,Frozen,2809
1,3,Frozen,1341
2,3,Frozen,2005
1,3,Frozen,1796
2,3,Frozen,1741
1,3,Frozen,830
2,3,Frozen,228
1,3,Frozen,6386
1,3,Frozen,245
1,3,Frozen,3157
2,3,Frozen,137
1,3,Frozen,6114
1,3,Frozen,340
1,3,Frozen,2601
1,3,Frozen,1206
1,3,Frozen,560
1,3,Frozen,191
1,3,Frozen,1103
2,3,Frozen,1619
1,3,Frozen,1173
1,3,Frozen,1457
1,3,Frozen,2046
1,3,Frozen,1089
2,3,Frozen,1364
1,3,Frozen,8164
1,3,Frozen,876
2,3,Frozen,1504
1,3,Frozen,1492
1,3,Frozen,597
2,3,Frozen,5641
1,3,Frozen,1034
1,3,Frozen,282
2,3,Frozen,130
1,3,Frozen,3881
1,3,Frozen,9927
1,3,Frozen,2540
1,3,Frozen,4006
1,3,Frozen,3635
1,3,Frozen,2583
1,3,Frozen,1945
1,3,Frozen,1960
1,3,Frozen,1677
1,3,Frozen,3019
1,3,Frozen,5502
1,3,Frozen,907
1,3,Frozen,659
1,3,Frozen,8620
1,3,Frozen,1398
1,3,Frozen,2921
2,3,Frozen,2644
1,3,Frozen,6838
1,3,Frozen,5390
1,3,Frozen,1601
1,3,Frozen,3576
1,3,Frozen,13223
1,3,Frozen,220
1,3,Frozen,127
1,3,Frozen,4324
1,3,Frozen,2069
1,3,Frozen,9806
2,3,Frozen,2854
2,3,Frozen,1646
1,3,Frozen,2349
1,3,Frozen,1389
1,3,Frozen,1535
1,3,Frozen,98
1,3,Frozen,17866
1,3,Frozen,5679
2,3,Frozen,1691
2,3,Frozen,848
1,3,Frozen,364
2,3,Frozen,133
1,3,Frozen,633
1,3,Frozen,25
2,3,Frozen,1031
1,3,Frozen,830
2,3,Frozen,1059
2,3,Frozen,874
1,3,Frozen,15348
1,3,Frozen,3141
1,3,Frozen,15082
1,3,Frozen,2198
1,3,Frozen,47
1,3,Frozen,575
1,3,Frozen,13486
1,3,Frozen,269
1,3,Frozen,1541
1,3,Frozen,688
1,3,Frozen,13135
1,3,Frozen,4510
2,3,Frozen,437
1,3,Frozen,1038
1,3,Frozen,65
2,3,Detergents_Paper,2674
2,3,Detergents_Paper,3293
2,3,Detergents_Paper,3516
1,3,Detergents_Paper,507
2,3,Detergents_Paper,1777
2,3,Detergents_Paper,1795
2,3,Detergents_Paper,3140
2,3,Detergents_Paper,3321
1,3,Detergents_Paper,1716
2,3,Detergents_Paper,7425
2,3,Detergents_Paper,5977
2,3,Detergents_Paper,549
2,3,Detergents_Paper,3881
2,3,Detergents_Paper,6707
2,3,Detergents_Paper,5058
1,3,Detergents_Paper,964
2,3,Detergents_Paper,4508
1,3,Detergents_Paper,370
2,3,Detergents_Paper,2767
1,3,Detergents_Paper,2518
2,3,Detergents_Paper,2259
1,3,Detergents_Paper,375
1,3,Detergents_Paper,2381
2,3,Detergents_Paper,4337
2,3,Detergents_Paper,4482
2,3,Detergents_Paper,4003
1,3,Detergents_Paper,242
1,3,Detergents_Paper,100
2,3,Detergents_Paper,8604
1,3,Detergents_Paper,1107
1,3,Detergents_Paper,2134
1,3,Detergents_Paper,820
1,3,Detergents_Paper,918
1,3,Detergents_Paper,361
1,3,Detergents_Paper,483
2,3,Detergents_Paper,4239
1,3,Detergents_Paper,862
2,3,Detergents_Paper,6506
2,3,Detergents_Paper,6956
1,3,Detergents_Paper,212
1,3,Detergents_Paper,1145
1,3,Detergents_Paper,2575
2,3,Detergents_Paper,6899
2,3,Detergents_Paper,9529
2,3,Detergents_Paper,4618
2,3,Detergents_Paper,7353
2,3,Detergents_Paper,6792
2,3,Detergents_Paper,24171
2,3,Detergents_Paper,5121
2,3,Detergents_Paper,13583
1,3,Detergents_Paper,609
1,3,Detergents_Paper,1538
2,3,Detergents_Paper,2587
2,3,Detergents_Paper,5611
1,3,Detergents_Paper,204
1,3,Detergents_Paper,2024
2,3,Detergents_Paper,17740
2,3,Detergents_Paper,7572
1,3,Detergents_Paper,227
1,3,Detergents_Paper,3084
2,3,Detergents_Paper,4095
2,3,Detergents_Paper,26701
2,3,Detergents_Paper,4074
2,3,Detergents_Paper,7677
1,3,Detergents_Paper,1247
2,3,Detergents_Paper,24231
1,3,Detergents_Paper,3468
2,3,Detergents_Paper,5141
1,3,Detergents_Paper,788
1,3,Detergents_Paper,656
1,3,Detergents_Paper,116
1,3,Detergents_Paper,4173
1,3,Detergents_Paper,1321
2,3,Detergents_Paper,764
2,3,Detergents_Paper,1901
1,3,Detergents_Paper,3
1,3,Detergents_Paper,529
2,3,Detergents_Paper,12034
1,3,Detergents_Paper,301
1,3,Detergents_Paper,1202
1,3,Detergents_Paper,610
2,3,Detergents_Paper,7818
2,3,Detergents_Paper,3537
1,3,Detergents_Paper,550
2,3,Detergents_Paper,3837
2,3,Detergents_Paper,40827
2,3,Detergents_Paper,20070
1,3,Detergents_Paper,1579
1,3,Detergents_Paper,165
1,3,Detergents_Paper,454
1,3,Detergents_Paper,69
1,3,Detergents_Paper,627
2,3,Detergents_Paper,18906
1,3,Detergents_Paper,71
2,3,Detergents_Paper,5038
1,3,Detergents_Paper,223
2,3,Detergents_Paper,3874
1,3,Detergents_Paper,54
1,3,Detergents_Paper,56
1,3,Detergents_Paper,215
2,3,Detergents_Paper,8035
2,3,Detergents_Paper,6766
2,3,Detergents_Paper,4573
1,3,Detergents_Paper,1480
1,3,Detergents_Paper,1491
1,3,Detergents_Paper,139
2,3,Detergents_Paper,6830
2,3,Detergents_Paper,8969
2,3,Detergents_Paper,2505
2,3,Detergents_Paper,836
1,3,Detergents_Paper,169
2,3,Detergents_Paper,6457
1,3,Detergents_Paper,483
1,3,Detergents_Paper,585
1,3,Detergents_Paper,118
1,3,Detergents_Paper,276
1,3,Detergents_Paper,310
1,3,Detergents_Paper,319
1,3,Detergents_Paper,411
1,3,Detergents_Paper,266
1,3,Detergents_Paper,174
1,3,Detergents_Paper,264
1,3,Detergents_Paper,25
2,3,Detergents_Paper,1976
1,3,Detergents_Paper,500
1,3,Detergents_Paper,778
1,3,Detergents_Paper,349
2,3,Detergents_Paper,2386
1,3,Detergents_Paper,1062
1,3,Detergents_Paper,410
1,3,Detergents_Paper,395
1,3,Detergents_Paper,70
1,3,Detergents_Paper,955
1,3,Detergents_Paper,256
1,3,Detergents_Paper,47
1,3,Detergents_Paper,199
1,3,Detergents_Paper,2447
1,3,Detergents_Paper,721
1,3,Detergents_Paper,249
1,3,Detergents_Paper,637
1,3,Detergents_Paper,960
1,3,Detergents_Paper,51
1,3,Detergents_Paper,20
1,3,Detergents_Paper,399
1,3,Detergents_Paper,516
2,3,Detergents_Paper,12591
1,3,Detergents_Paper,73
1,3,Detergents_Paper,1082
1,3,Detergents_Paper,283
1,3,Detergents_Paper,113
1,3,Detergents_Paper,170
1,3,Detergents_Paper,255
1,3,Detergents_Paper,352
1,3,Detergents_Paper,302
1,3,Detergents_Paper,7
2,3,Detergents_Paper,11577
2,3,Detergents_Paper,6694
1,3,Detergents_Paper,811
2,3,Detergents_Paper,4004
2,3,Detergents_Paper,8077
2,3,Detergents_Paper,4424
1,3,Detergents_Paper,3
1,3,Detergents_Paper,232
2,3,Detergents_Paper,13726
2,3,Detergents_Paper,3674
2,3,Detergents_Paper,7108
2,3,Detergents_Paper,4973
1,3,Detergents_Paper,1680
1,3,Detergents_Paper,79
1,3,Detergents_Paper,69
2,3,Detergents_Paper,7015
2,3,Detergents_Paper,8773
1,3,Detergents_Paper,2840
2,3,Detergents_Paper,9836
1,3,Detergents_Paper,153
2,3,Detergents_Paper,4196
1,3,Detergents_Paper,1532
1,3,Detergents_Paper,20
1,3,Detergents_Paper,120
1,3,Detergents_Paper,273
1,3,Detergents_Paper,1382
1,3,Detergents_Paper,4948
1,3,Detergents_Paper,6907
1,3,Detergents_Paper,239
1,3,Detergents_Paper,334
1,3,Detergents_Paper,58
1,3,Detergents_Paper,949
1,3,Detergents_Paper,3459
2,3,Detergents_Paper,6839
2,3,Detergents_Paper,4027
1,3,Detergents_Paper,118
1,3,Detergents_Paper,43
1,3,Detergents_Paper,187
2,3,Detergents_Paper,5618
1,3,Detergents_Paper,355
1,3,Detergents_Paper,330
1,1,Detergents_Paper,763
2,1,Detergents_Paper,4314
1,1,Detergents_Paper,592
1,1,Detergents_Paper,402
2,1,Detergents_Paper,9959
2,1,Detergents_Paper,14235
1,1,Detergents_Paper,284
1,1,Detergents_Paper,954
1,1,Detergents_Paper,5
2,1,Detergents_Paper,9265
1,1,Detergents_Paper,288
2,1,Detergents_Paper,5316
1,1,Detergents_Paper,3381
2,1,Detergents_Paper,12420
1,1,Detergents_Paper,244
2,1,Detergents_Paper,19410
1,1,Detergents_Paper,240
1,1,Detergents_Paper,3961
2,1,Detergents_Paper,5957
1,1,Detergents_Paper,5828
2,1,Detergents_Paper,13308
1,1,Detergents_Paper,130
2,1,Detergents_Paper,4797
1,1,Detergents_Paper,86
1,1,Detergents_Paper,56
1,1,Detergents_Paper,4167
1,1,Detergents_Paper,256
2,1,Detergents_Paper,788
1,1,Detergents_Paper,70
1,1,Detergents_Paper,761
2,1,Detergents_Paper,2568
1,1,Detergents_Paper,263
1,1,Detergents_Paper,4762
1,1,Detergents_Paper,694
2,1,Detergents_Paper,955
1,1,Detergents_Paper,1566
1,1,Detergents_Paper,284
1,1,Detergents_Paper,409
1,1,Detergents_Paper,325
1,1,Detergents_Paper,1216
1,1,Detergents_Paper,415
1,1,Detergents_Paper,28
1,1,Detergents_Paper,72
1,1,Detergents_Paper,828
1,1,Detergents_Paper,343
1,1,Detergents_Paper,412
1,1,Detergents_Paper,586
1,1,Detergents_Paper,1682
1,1,Detergents_Paper,3143
2,1,Detergents_Paper,8933
1,1,Detergents_Paper,430
1,1,Detergents_Paper,44
1,1,Detergents_Paper,562
1,1,Detergents_Paper,918
1,1,Detergents_Paper,234
2,1,Detergents_Paper,18594
1,1,Detergents_Paper,205
1,1,Detergents_Paper,363
1,1,Detergents_Paper,1547
1,1,Detergents_Paper,111
1,1,Detergents_Paper,392
1,1,Detergents_Paper,3593
1,1,Detergents_Paper,730
1,1,Detergents_Paper,967
1,1,Detergents_Paper,780
1,1,Detergents_Paper,49
1,1,Detergents_Paper,429
1,1,Detergents_Paper,2894
2,1,Detergents_Paper,5980
1,1,Detergents_Paper,830
2,1,Detergents_Paper,4882
1,1,Detergents_Paper,737
2,1,Detergents_Paper,6374
1,1,Detergents_Paper,333
1,1,Detergents_Paper,197
1,1,Detergents_Paper,147
1,1,Detergents_Paper,93
1,3,Detergents_Paper,210
1,3,Detergents_Paper,759
1,3,Detergents_Paper,96
1,3,Detergents_Paper,603
1,3,Detergents_Paper,621
1,3,Detergents_Paper,274
2,3,Detergents_Paper,3620
1,3,Detergents_Paper,167
2,3,Detergents_Paper,2328
1,3,Detergents_Paper,1041
1,3,Detergents_Paper,314
1,3,Detergents_Paper,751
1,3,Detergents_Paper,436
1,3,Detergents_Paper,1226
1,3,Detergents_Paper,386
1,3,Detergents_Paper,445
1,3,Detergents_Paper,32
1,3,Detergents_Paper,965
1,3,Detergents_Paper,212
1,3,Detergents_Paper,825
2,2,Detergents_Paper,5952
1,2,Detergents_Paper,811
2,2,Detergents_Paper,2208
1,2,Detergents_Paper,710
2,2,Detergents_Paper,3712
2,2,Detergents_Paper,4538
1,2,Detergents_Paper,290
2,2,Detergents_Paper,2662
2,2,Detergents_Paper,8752
2,2,Detergents_Paper,6236
2,2,Detergents_Paper,10069
2,2,Detergents_Paper,11783
2,2,Detergents_Paper,3909
2,2,Detergents_Paper,7558
1,2,Detergents_Paper,351
1,2,Detergents_Paper,257
2,2,Detergents_Paper,6846
1,2,Detergents_Paper,299
1,2,Detergents_Paper,371
2,2,Detergents_Paper,17120
1,2,Detergents_Paper,183
1,2,Detergents_Paper,857
2,2,Detergents_Paper,3891
1,2,Detergents_Paper,83
1,2,Detergents_Paper,821
1,2,Detergents_Paper,706
2,2,Detergents_Paper,12408
1,2,Detergents_Paper,275
1,2,Detergents_Paper,228
1,2,Detergents_Paper,1470
1,2,Detergents_Paper,1679
1,2,Detergents_Paper,140
1,2,Detergents_Paper,1272
1,2,Detergents_Paper,387
1,2,Detergents_Paper,88
1,2,Detergents_Paper,210
1,2,Detergents_Paper,492
1,2,Detergents_Paper,182
2,2,Detergents_Paper,9606
1,2,Detergents_Paper,178
2,2,Detergents_Paper,38102
2,2,Detergents_Paper,332
2,2,Detergents_Paper,4111
1,2,Detergents_Paper,146
1,2,Detergents_Paper,442
1,2,Detergents_Paper,15
1,2,Detergents_Paper,573
2,3,Detergents_Paper,7271
2,3,Detergents_Paper,5162
1,3,Detergents_Paper,4595
2,3,Detergents_Paper,15469
1,3,Detergents_Paper,217
1,3,Detergents_Paper,3843
2,3,Detergents_Paper,6600
2,3,Detergents_Paper,4621
1,3,Detergents_Paper,1184
2,3,Detergents_Paper,12218
1,3,Detergents_Paper,173
2,3,Detergents_Paper,12638
1,3,Detergents_Paper,90
2,3,Detergents_Paper,8682
1,3,Detergents_Paper,1333
1,3,Detergents_Paper,184
1,3,Detergents_Paper,9
2,3,Detergents_Paper,6747
1,3,Detergents_Paper,536
1,3,Detergents_Paper,232
1,3,Detergents_Paper,468
1,3,Detergents_Paper,159
1,3,Detergents_Paper,179
1,3,Detergents_Paper,1335
1,3,Detergents_Paper,514
2,3,Detergents_Paper,4515
1,3,Detergents_Paper,222
1,3,Detergents_Paper,252
1,3,Detergents_Paper,101
1,3,Detergents_Paper,41
2,3,Detergents_Paper,523
1,3,Detergents_Paper,716
1,3,Detergents_Paper,397
2,3,Detergents_Paper,1916
1,3,Detergents_Paper,311
1,3,Detergents_Paper,476
2,3,Detergents_Paper,4666
1,3,Detergents_Paper,96
1,3,Detergents_Paper,68
2,3,Detergents_Paper,813
1,3,Detergents_Paper,600
1,3,Detergents_Paper,246
1,3,Detergents_Paper,1711
1,3,Detergents_Paper,397
1,3,Detergents_Paper,282
1,3,Detergents_Paper,192
1,3,Detergents_Paper,353
1,3,Detergents_Paper,231
1,3,Detergents_Paper,200
1,3,Detergents_Paper,227
1,3,Detergents_Paper,311
1,3,Detergents_Paper,95
1,3,Detergents_Paper,122
1,3,Detergents_Paper,385
1,3,Detergents_Paper,149
1,3,Detergents_Paper,841
2,3,Detergents_Paper,3378
1,3,Detergents_Paper,64
1,3,Detergents_Paper,74
1,3,Detergents_Paper,469
1,3,Detergents_Paper,153
1,3,Detergents_Paper,92
1,3,Detergents_Paper,10
1,3,Detergents_Paper,632
1,3,Detergents_Paper,914
1,3,Detergents_Paper,593
1,3,Detergents_Paper,1092
2,3,Detergents_Paper,7883
2,3,Detergents_Paper,2730
1,3,Detergents_Paper,2123
1,3,Detergents_Paper,1860
1,3,Detergents_Paper,235
1,3,Detergents_Paper,2970
1,3,Detergents_Paper,912
1,3,Detergents_Paper,1135
2,3,Detergents_Paper,3540
2,3,Detergents_Paper,6728
1,3,Detergents_Paper,3485
2,3,Detergents_Paper,6740
1,3,Detergents_Paper,1580
1,3,Detergents_Paper,6818
2,3,Detergents_Paper,3415
1,3,Detergents_Paper,948
2,3,Detergents_Paper,1803
2,3,Detergents_Paper,3213
1,3,Detergents_Paper,108
1,3,Detergents_Paper,5079
1,3,Detergents_Paper,439
1,3,Detergents_Paper,850
1,3,Detergents_Paper,84
1,3,Detergents_Paper,241
1,3,Detergents_Paper,1377
1,3,Detergents_Paper,1328
1,3,Detergents_Paper,356
1,3,Detergents_Paper,2371
1,3,Detergents_Paper,182
1,3,Detergents_Paper,93
2,3,Detergents_Paper,14841
1,3,Detergents_Paper,168
1,3,Detergents_Paper,477
2,3,Delicassen,1338
2,3,Delicassen,1776
2,3,Delicassen,7844
1,3,Delicassen,1788
2,3,Delicassen,5185
2,3,Delicassen,1451
2,3,Delicassen,545
2,3,Delicassen,2566
1,3,Delicassen,750
2,3,Delicassen,2098
2,3,Delicassen,1744
2,3,Delicassen,497
2,3,Delicassen,2931
2,3,Delicassen,602
2,3,Delicassen,2168
1,3,Delicassen,412
2,3,Delicassen,1080
1,3,Delicassen,4478
2,3,Delicassen,3181
1,3,Delicassen,501
2,3,Delicassen,2124
1,3,Delicassen,569
1,3,Delicassen,4334
2,3,Delicassen,16523
2,3,Delicassen,5778
2,3,Delicassen,57
1,3,Delicassen,833
1,3,Delicassen,518
2,3,Delicassen,5206
1,3,Delicassen,823
1,3,Delicassen,2963
1,3,Delicassen,985
1,3,Delicassen,405
1,3,Delicassen,1083
1,3,Delicassen,395
2,3,Delicassen,436
1,3,Delicassen,4626
2,3,Delicassen,714
2,3,Delicassen,433
1,3,Delicassen,2916
1,3,Delicassen,5864
1,3,Delicassen,2802
2,3,Delicassen,46
2,3,Delicassen,72
2,3,Delicassen,65
2,3,Delicassen,4985
2,3,Delicassen,1452
2,3,Delicassen,6465
2,3,Delicassen,1476
2,3,Delicassen,1163
1,3,Delicassen,2162
1,3,Delicassen,301
2,3,Delicassen,1278
2,3,Delicassen,224
1,3,Delicassen,1333
1,3,Delicassen,1130
2,3,Delicassen,1340
2,3,Delicassen,1282
1,3,Delicassen,436
1,3,Delicassen,1603
2,3,Delicassen,225
2,3,Delicassen,2017
2,3,Delicassen,964
2,3,Delicassen,1295
1,3,Delicassen,1145
2,3,Delicassen,1423
1,3,Delicassen,27
2,3,Delicassen,834
1,3,Delicassen,3095
1,3,Delicassen,144
1,3,Delicassen,1365
1,3,Delicassen,14472
1,3,Delicassen,181
2,3,Delicassen,648
2,3,Delicassen,1780
1,3,Delicassen,975
1,3,Delicassen,894
2,3,Delicassen,1009
1,3,Delicassen,167
1,3,Delicassen,1653
1,3,Delicassen,529
2,3,Delicassen,156
2,3,Delicassen,2342
1,3,Delicassen,772
2,3,Delicassen,120
2,3,Delicassen,2944
2,3,Delicassen,903
1,3,Delicassen,14351
1,3,Delicassen,46
1,3,Delicassen,3178
1,3,Delicassen,360
1,3,Delicassen,1117
2,3,Delicassen,5130
1,3,Delicassen,2698
2,3,Delicassen,244
1,3,Delicassen,709
2,3,Delicassen,217
1,3,Delicassen,63
1,3,Delicassen,132
1,3,Delicassen,323
2,3,Delicassen,3029
2,3,Delicassen,1838
2,3,Delicassen,1386
1,3,Delicassen,2498
1,3,Delicassen,548
1,3,Delicassen,1378
2,3,Delicassen,1831
2,3,Delicassen,1438
2,3,Delicassen,1236
2,3,Delicassen,3
1,3,Delicassen,1647
2,3,Delicassen,1519
1,3,Delicassen,2708
1,3,Delicassen,1561
1,3,Delicassen,1266
1,3,Delicassen,610
1,3,Delicassen,222
1,3,Delicassen,1160
1,3,Delicassen,933
1,3,Delicassen,635
1,3,Delicassen,1136
1,3,Delicassen,255
1,3,Delicassen,860
2,3,Delicassen,143
1,3,Delicassen,1621
1,3,Delicassen,918
1,3,Delicassen,483
2,3,Delicassen,2749
1,3,Delicassen,3
1,3,Delicassen,1819
1,3,Delicassen,911
1,3,Delicassen,310
1,3,Delicassen,328
1,3,Delicassen,396
1,3,Delicassen,537
1,3,Delicassen,326
1,3,Delicassen,1542
1,3,Delicassen,36
1,3,Delicassen,3271
1,3,Delicassen,929
1,3,Delicassen,2616
1,3,Delicassen,1450
1,3,Delicassen,3
1,3,Delicassen,318
1,3,Delicassen,201
2,3,Delicassen,4430
1,3,Delicassen,520
1,3,Delicassen,526
1,3,Delicassen,434
1,3,Delicassen,1440
1,3,Delicassen,1067
1,3,Delicassen,1774
1,3,Delicassen,184
1,3,Delicassen,1627
1,3,Delicassen,8
2,3,Delicassen,2153
2,3,Delicassen,3182
1,3,Delicassen,418
2,3,Delicassen,1682
2,3,Delicassen,303
2,3,Delicassen,2157
1,3,Delicassen,2233
1,3,Delicassen,610
2,3,Delicassen,446
2,3,Delicassen,238
2,3,Delicassen,2379
2,3,Delicassen,3637
1,3,Delicassen,693
1,3,Delicassen,429
1,3,Delicassen,750
2,3,Delicassen,323
2,3,Delicassen,6250
1,3,Delicassen,707
2,3,Delicassen,716
1,3,Delicassen,1442
2,3,Delicassen,1697
1,3,Delicassen,230
1,3,Delicassen,2631
1,3,Delicassen,395
1,3,Delicassen,2165
1,3,Delicassen,2794
1,3,Delicassen,8550
1,3,Delicassen,156
1,3,Delicassen,47943
1,3,Delicassen,11
1,3,Delicassen,247
1,3,Delicassen,727
1,3,Delicassen,3
2,3,Delicassen,404
2,3,Delicassen,1856
1,3,Delicassen,64
1,3,Delicassen,84
1,3,Delicassen,409
2,3,Delicassen,666
1,3,Delicassen,1142
1,3,Delicassen,1755
1,1,Delicassen,2876
2,1,Delicassen,1468
1,1,Delicassen,697
1,1,Delicassen,347
2,1,Delicassen,731
2,1,Delicassen,1681
1,1,Delicassen,6854
1,1,Delicassen,18
1,1,Delicassen,1328
2,1,Delicassen,710
1,1,Delicassen,285
2,1,Delicassen,120
1,1,Delicassen,806
2,1,Delicassen,797
1,1,Delicassen,2100
2,1,Delicassen,2870
1,1,Delicassen,1775
1,1,Delicassen,1215
2,1,Delicassen,791
1,1,Delicassen,2388
2,1,Delicassen,674
1,1,Delicassen,1158
2,1,Delicassen,6372
1,1,Delicassen,130
1,1,Delicassen,749
1,1,Delicassen,239
1,1,Delicassen,375
2,1,Delicassen,1360
1,1,Delicassen,659
1,1,Delicassen,786
2,1,Delicassen,1553
1,1,Delicassen,689
1,1,Delicassen,203
1,1,Delicassen,980
2,1,Delicassen,2137
1,1,Delicassen,490
1,1,Delicassen,834
1,1,Delicassen,7
1,1,Delicassen,2563
1,1,Delicassen,295
1,1,Delicassen,225
1,1,Delicassen,1215
1,1,Delicassen,216
1,1,Delicassen,2253
1,1,Delicassen,2564
1,1,Delicassen,1047
1,1,Delicassen,578
1,1,Delicassen,2398
1,1,Delicassen,1970
2,1,Delicassen,2784
1,1,Delicassen,610
1,1,Delicassen,659
1,1,Delicassen,572
1,1,Delicassen,291
1,1,Delicassen,710
2,1,Delicassen,5121
1,1,Delicassen,1693
1,1,Delicassen,1391
1,1,Delicassen,3265
1,1,Delicassen,615
1,1,Delicassen,373
1,1,Delicassen,987
1,1,Delicassen,3321
1,1,Delicassen,818
1,1,Delicassen,548
1,1,Delicassen,287
1,1,Delicassen,655
1,1,Delicassen,411
2,1,Delicassen,1265
1,1,Delicassen,3636
2,1,Delicassen,2563
1,1,Delicassen,3628
2,1,Delicassen,698
1,1,Delicassen,204
1,1,Delicassen,56
1,1,Delicassen,1550
1,1,Delicassen,1040
1,3,Delicassen,1824
1,3,Delicassen,1153
1,3,Delicassen,379
1,3,Delicassen,2503
1,3,Delicassen,139
1,3,Delicassen,1409
2,3,Delicassen,1721
1,3,Delicassen,1104
2,3,Delicassen,2079
1,3,Delicassen,1404
1,3,Delicassen,1384
1,3,Delicassen,2406
1,3,Delicassen,18
1,3,Delicassen,128
1,3,Delicassen,1027
1,3,Delicassen,258
1,3,Delicassen,22
1,3,Delicassen,1522
1,3,Delicassen,686
1,3,Delicassen,1060
2,2,Delicassen,741
1,2,Delicassen,1854
2,2,Delicassen,254
1,2,Delicassen,898
2,2,Delicassen,531
2,2,Delicassen,1037
1,2,Delicassen,259
2,2,Delicassen,2005
2,2,Delicassen,172
2,2,Delicassen,555
2,2,Delicassen,59
2,2,Delicassen,2410
2,2,Delicassen,211
2,2,Delicassen,1543
1,2,Delicassen,925
1,2,Delicassen,656
2,2,Delicassen,806
1,2,Delicassen,1117
1,2,Delicassen,117
2,2,Delicassen,142
1,2,Delicassen,297
1,2,Delicassen,1233
2,2,Delicassen,3508
1,2,Delicassen,1059
1,2,Delicassen,1637
1,2,Delicassen,51
2,2,Delicassen,1625
1,2,Delicassen,834
1,2,Delicassen,1113
1,2,Delicassen,229
1,2,Delicassen,573
1,2,Delicassen,1092
1,2,Delicassen,5609
1,2,Delicassen,834
1,2,Delicassen,522
1,2,Delicassen,1534
1,2,Delicassen,739
1,2,Delicassen,1043
2,2,Delicassen,1102
1,2,Delicassen,2602
2,2,Delicassen,1215
2,2,Delicassen,3486
2,2,Delicassen,2139
1,2,Delicassen,778
1,2,Delicassen,868
1,2,Delicassen,550
1,2,Delicassen,1942
2,3,Delicassen,1371
2,3,Delicassen,2158
1,3,Delicassen,1328
2,3,Delicassen,37
1,3,Delicassen,379
1,3,Delicassen,303
2,3,Delicassen,1115
2,3,Delicassen,1022
1,3,Delicassen,665
2,3,Delicassen,445
1,3,Delicassen,995
2,3,Delicassen,3137
1,3,Delicassen,195
2,3,Delicassen,1111
1,3,Delicassen,2341
1,3,Delicassen,127
1,3,Delicassen,548
2,3,Delicassen,110
1,3,Delicassen,4100
1,3,Delicassen,776
1,3,Delicassen,503
1,3,Delicassen,405
1,3,Delicassen,712
1,3,Delicassen,314
1,3,Delicassen,468
2,3,Delicassen,3105
1,3,Delicassen,447
1,3,Delicassen,342
1,3,Delicassen,558
1,3,Delicassen,296
2,3,Delicassen,2235
1,3,Delicassen,790
1,3,Delicassen,4829
2,3,Delicassen,3113
1,3,Delicassen,686
1,3,Delicassen,70
2,3,Delicassen,1426
1,3,Delicassen,1242
1,3,Delicassen,1114
2,3,Delicassen,179
1,3,Delicassen,270
1,3,Delicassen,532
1,3,Delicassen,2893
1,3,Delicassen,361
1,3,Delicassen,5120
1,3,Delicassen,1068
1,3,Delicassen,967
1,3,Delicassen,961
1,3,Delicassen,406
1,3,Delicassen,684
1,3,Delicassen,1000
1,3,Delicassen,1827
1,3,Delicassen,654
1,3,Delicassen,819
1,3,Delicassen,452
1,3,Delicassen,290
2,3,Delicassen,2213
1,3,Delicassen,743
1,3,Delicassen,247
1,3,Delicassen,375
1,3,Delicassen,1014
1,3,Delicassen,1902
1,3,Delicassen,340
1,3,Delicassen,288
1,3,Delicassen,715
1,3,Delicassen,378
1,3,Delicassen,960
2,3,Delicassen,553
2,3,Delicassen,344
1,3,Delicassen,5137
1,3,Delicassen,1892
1,3,Delicassen,4365
1,3,Delicassen,62
1,3,Delicassen,2435
1,3,Delicassen,290
2,3,Delicassen,1874
2,3,Delicassen,993
1,3,Delicassen,1063
2,3,Delicassen,776
1,3,Delicassen,1521
1,3,Delicassen,1393
2,3,Delicassen,1784
1,3,Delicassen,1218
2,3,Delicassen,668
2,3,Delicassen,249
1,3,Delicassen,1886
1,3,Delicassen,1894
1,3,Delicassen,1163
1,3,Delicassen,317
1,3,Delicassen,2501
1,3,Delicassen,2080
1,3,Delicassen,1498
1,3,Delicassen,395
1,3,Delicassen,1449
1,3,Delicassen,838
1,3,Delicassen,2204
1,3,Delicassen,2346
2,3,Delicassen,1867
1,3,Delicassen,2125
1,3,Delicassen,52
